{
    "train_loss": [
        2.3527145972722305,
        2.180450883496072,
        2.1071284763298053,
        2.061178114299202,
        2.033141558712226,
        2.009589317465595,
        1.9883449730900047,
        1.970733811678134,
        1.9555389272394723,
        1.9432398500467372,
        1.9329759660154673,
        1.920648998045393,
        1.9099119995946938,
        1.9076761124912214,
        1.8954527803422678,
        1.8933158460672603,
        1.8861233536340216,
        1.87878598927519,
        1.869172512940975,
        1.8695941136899796,
        1.8624240824161846,
        1.8611374319972602,
        1.8548099965906206,
        1.8520445340563556,
        1.8491213299408522,
        1.8462283785112108,
        1.844629013424384,
        1.8382283484143105,
        1.8367939607468131,
        1.8329929795435127,
        1.835790431846592,
        1.8273690054334801,
        1.8263879188865437,
        1.8267301703887833,
        1.8166247145707894,
        1.817042045622274,
        1.818312506735817,
        1.8151297025295094,
        1.8201794551538935,
        1.8059655333901943,
        1.8152152786613391,
        1.8090778367771163,
        1.8038997132070476,
        1.8098121684357065,
        1.7934311192121675,
        1.7915544724112125,
        1.7981749093568828,
        1.788859250207716,
        1.7881314394423258,
        1.786522939432087
    ],
    "train_acc": [
        0.2753563446542604,
        0.3251157287132649,
        0.34792062246058714,
        0.3628279328494046,
        0.3719668782910228,
        0.3783348346298846,
        0.38485973654376854,
        0.38967095843452226,
        0.39494920217672685,
        0.39844210091254817,
        0.40180598674092977,
        0.4058788822924241,
        0.408782276269064,
        0.4087667932524009,
        0.41265088338171063,
        0.41348441454248347,
        0.41509662164486205,
        0.418668732572666,
        0.42175014450867054,
        0.4211044917729017,
        0.42320661456250064,
        0.4230999375409711,
        0.42537414302315985,
        0.42583484301914004,
        0.4262510220684969,
        0.42817242382201315,
        0.428610137648174,
        0.4299249936548329,
        0.4305619560649696,
        0.4321892161096421,
        0.430944581838976,
        0.4334046022599013,
        0.433786270520413,
        0.43368941778817854,
        0.43674508137871104,
        0.43727517508651675,
        0.4373338304667133,
        0.43676609762040913,
        0.43591179082427867,
        0.4393801987180216,
        0.43651158410928936,
        0.43913886311779515,
        0.44062765453653396,
        0.43873448748098864,
        0.44407276038261795,
        0.44493268385076823,
        0.4424470842923854,
        0.4450655787045509,
        0.4458548221009319,
        0.44654034547310545
    ],
    "val_loss": [
        2.2961273193359375,
        2.2698612213134766,
        2.253553867340088,
        2.240964651107788,
        2.227281093597412,
        2.2186837196350098,
        2.2161333560943604,
        2.210787773132324,
        2.208993673324585,
        2.209392786026001,
        2.2052502632141113,
        2.20499324798584,
        2.2086925506591797,
        2.206757068634033,
        2.2016141414642334,
        2.199500799179077,
        2.195950508117676,
        2.1962223052978516,
        2.1967875957489014,
        2.194794178009033,
        2.1969218254089355,
        2.194377899169922,
        2.1932997703552246,
        2.193971872329712,
        2.192769765853882,
        2.1918063163757324,
        2.1918532848358154,
        2.1919164657592773,
        2.189535140991211,
        2.1903328895568848,
        2.1872994899749756,
        2.189344644546509,
        2.1892333030700684,
        2.1869983673095703,
        2.1897969245910645,
        2.1869986057281494,
        2.1917364597320557,
        2.1876931190490723,
        2.185884714126587,
        2.183814525604248,
        2.1852543354034424,
        2.1845285892486572,
        2.182821035385132,
        2.187473773956299,
        2.1840810775756836,
        2.1832985877990723,
        2.1845154762268066,
        2.1818058490753174,
        2.1820642948150635,
        2.1804020404815674
    ],
    "val_acc": [
        0.287288635969162,
        0.29434049129486084,
        0.29894495010375977,
        0.3019472062587738,
        0.3042875826358795,
        0.307953417301178,
        0.3086487948894501,
        0.30925053358078003,
        0.3103864789009094,
        0.31048211455345154,
        0.3114023506641388,
        0.3110169768333435,
        0.3107609152793884,
        0.3113645315170288,
        0.3127301037311554,
        0.31324446201324463,
        0.31394514441490173,
        0.31390756368637085,
        0.3135727643966675,
        0.3143588900566101,
        0.31424281001091003,
        0.3144124746322632,
        0.3146113157272339,
        0.31442680954933167,
        0.31475216150283813,
        0.3149419128894806,
        0.3155677914619446,
        0.31557655334472656,
        0.31559133529663086,
        0.3154906630516052,
        0.31602418422698975,
        0.31558141112327576,
        0.31593963503837585,
        0.31652143597602844,
        0.31607142090797424,
        0.3164074420928955,
        0.3157957196235657,
        0.31680917739868164,
        0.3167693018913269,
        0.3174741268157959,
        0.3171085715293884,
        0.3176853656768799,
        0.3178601562976837,
        0.31670647859573364,
        0.3179797828197479,
        0.31801992654800415,
        0.31717994809150696,
        0.31760990619659424,
        0.31825751066207886,
        0.31827282905578613
    ]
}